{
  "p_x": -0.04373347759246826,
  "p_y": -4.024151802062988,
  "orien_z": 0.09378381732290733,
  "orien_w": 0.9955925851513477
}